"newfilename","pathlength","oldfilepath"
"changes-made-by-adprepexe.md","28","C:\Users\coreyp\WindowsServerDocs-pr\WindowsServerDocs\identity\ad-ds\deploy\adprep\Changes-Made-by-Adprep.exe.md"
"forestwide-updates.md","21","C:\Users\coreyp\WindowsServerDocs-pr\WindowsServerDocs\identity\ad-ds\deploy\RODC\Forest-Wide-Updates.md"
"install-windows-server-2012-active-directory-readonly-domain-controller-rodc-level-200.md","89","C:\Users\coreyp\WindowsServerDocs-pr\WindowsServerDocs\identity\ad-ds\deploy\RODC\Install-a-Windows-Server-2012-Active-Directory-Read-Only-Domain-Controller--RODC---Level-200-.md"
"readonly-domain-controller-updates.md","37","C:\Users\coreyp\WindowsServerDocs-pr\WindowsServerDocs\identity\ad-ds\deploy\RODC\Read-Only-Domain-Controller-Updates.md"
"virtualized-domain-controller-technical-reference-level-300.md","62","C:\Users\coreyp\WindowsServerDocs-pr\WindowsServerDocs\identity\ad-ds\deploy\virtual-dc\Virtualized-Domain-Controller-Technical-Reference--Level-300-.md"
"ad-ds-deployment.md","19","C:\Users\coreyp\WindowsServerDocs-pr\WindowsServerDocs\identity\ad-ds\deploy\AD-DS-Deployment.md"
"ad-ds-installation-removal-wizard-page-descriptions.md","54","C:\Users\coreyp\WindowsServerDocs-pr\WindowsServerDocs\identity\ad-ds\deploy\AD-DS-Installation-and-Removal-Wizard-Page-Descriptions.md"
"assigning-dns-ad-ds-owner-role.md","33","C:\Users\coreyp\WindowsServerDocs-pr\WindowsServerDocs\identity\ad-ds\deploy\Assigning-the-DNS-for-AD-DS-Owner-Role.md"
"demoting-domain-controllers-domains-level-200.md","48","C:\Users\coreyp\WindowsServerDocs-pr\WindowsServerDocs\identity\ad-ds\deploy\Demoting-Domain-Controllers-and-Domains--Level-200-.md"
"domainwide-updates.md","21","C:\Users\coreyp\WindowsServerDocs-pr\WindowsServerDocs\identity\ad-ds\deploy\Domain-Wide-Updates.md"
"install-new-windows-server-2012-active-directory-child-tree-domain-level-200.md","79","C:\Users\coreyp\WindowsServerDocs-pr\WindowsServerDocs\identity\ad-ds\deploy\Install-a-New-Windows-Server-2012-Active-Directory-Child-or-Tree-Domain--Level-200-.md"
"install-new-windows-server-2012-active-directory-forest-level-200.md","68","C:\Users\coreyp\WindowsServerDocs-pr\WindowsServerDocs\identity\ad-ds\deploy\Install-a-New-Windows-Server-2012-Active-Directory-Forest--Level-200-.md"
"install-replica-windows-server-2012-domain-controller-existing-domain-level-200.md","82","C:\Users\coreyp\WindowsServerDocs-pr\WindowsServerDocs\identity\ad-ds\deploy\Install-a-Replica-Windows-Server-2012-Domain-Controller-in-an-Existing-Domain--Level-200-.md"
"install-active-directory-domain-services-level-100.md","53","C:\Users\coreyp\WindowsServerDocs-pr\WindowsServerDocs\identity\ad-ds\deploy\Install-Active-Directory-Domain-Services--Level-100-.md"
"schema-updates.md","17","C:\Users\coreyp\WindowsServerDocs-pr\WindowsServerDocs\identity\ad-ds\deploy\Schema-Updates.md"
"simplified-administration-appendix.md","37","C:\Users\coreyp\WindowsServerDocs-pr\WindowsServerDocs\identity\ad-ds\deploy\Simplified-Administration-Appendix.md"
"troubleshooting-domain-controller-deployment.md","47","C:\Users\coreyp\WindowsServerDocs-pr\WindowsServerDocs\identity\ad-ds\deploy\Troubleshooting-Domain-Controller-Deployment.md"
"upgrade-domain-controllers-windows-server-2012-r2-windows-server-2012.md","72","C:\Users\coreyp\WindowsServerDocs-pr\WindowsServerDocs\identity\ad-ds\deploy\Upgrade-Domain-Controllers-to-Windows-Server-2012-R2-and-Windows-Server-2012.md"
"whats-new-active-directory-domain-services-installation-removal.md","66","C:\Users\coreyp\WindowsServerDocs-pr\WindowsServerDocs\identity\ad-ds\deploy\What-s-New-in-Active-Directory-Domain-Services-Installation-and-Removal.md"
"active-directory-administrative-center.md","41","C:\Users\coreyp\WindowsServerDocs-pr\WindowsServerDocs\identity\ad-ds\get-started\adac\Active-Directory-Administrative-Center.md"
"advanced-ad-ds-management-using-active-directory-administrative-center-level-200.md","83","C:\Users\coreyp\WindowsServerDocs-pr\WindowsServerDocs\identity\ad-ds\get-started\adac\Advanced-AD-DS-Management-Using-Active-Directory-Administrative-Center--Level-200-.md"
"introduction-active-directory-administrative-center-enhancements-level-100.md","77","C:\Users\coreyp\WindowsServerDocs-pr\WindowsServerDocs\identity\ad-ds\get-started\adac\Introduction-to-Active-Directory-Administrative-Center-Enhancements--Level-100-.md"
"active-directory-replication-concepts.md","40","C:\Users\coreyp\WindowsServerDocs-pr\WindowsServerDocs\identity\ad-ds\get-started\replication\Active-Directory-Replication-Concepts.md"
"active-directory-domain-services-overview.md","44","C:\Users\coreyp\WindowsServerDocs-pr\WindowsServerDocs\identity\ad-ds\get-started\virtual-dc\Active-Directory-Domain-Services-Overview.md"
"active-directory-domain-services-virtualization.md","50","C:\Users\coreyp\WindowsServerDocs-pr\WindowsServerDocs\identity\ad-ds\get-started\virtual-dc\Active-Directory-Domain-Services-Virtualization.md"
"support-using-hyperv-replica-virtualized-domain-controllers.md","62","C:\Users\coreyp\WindowsServerDocs-pr\WindowsServerDocs\identity\ad-ds\get-started\virtual-dc\Support-for-using-Hyper-V-Replica-for-virtualized-domain-controllers.md"
"virtualized-domain-controller-architecture.md","45","C:\Users\coreyp\WindowsServerDocs-pr\WindowsServerDocs\identity\ad-ds\get-started\virtual-dc\Virtualized-Domain-Controller-Architecture.md"
"virtualized-domain-controller-deployment-configuration.md","57","C:\Users\coreyp\WindowsServerDocs-pr\WindowsServerDocs\identity\ad-ds\get-started\virtual-dc\Virtualized-Domain-Controller-Deployment-and-Configuration.md"
"how-windows-time-service-works.md","33","C:\Users\coreyp\WindowsServerDocs-pr\WindowsServerDocs\identity\ad-ds\get-started\windows-time-service\How-the-Windows-Time-Service-Works.md"
"windows-time-service-tools-settings.md","38","C:\Users\coreyp\WindowsServerDocs-pr\WindowsServerDocs\identity\ad-ds\get-started\windows-time-service\Windows-Time-Service-Tools-and-Settings.md"
"windows-time-service.md","23","C:\Users\coreyp\WindowsServerDocs-pr\WindowsServerDocs\identity\ad-ds\get-started\windows-time-service\Windows-Time-Service.md"
"active-directory-domain-services-component-updates.md","53","C:\Users\coreyp\WindowsServerDocs-pr\WindowsServerDocs\identity\ad-ds\manage\component-updates\Active-Directory-Domain-Services-Component-Updates.md"
"ad-ds-operations.md","19","C:\Users\coreyp\WindowsServerDocs-pr\WindowsServerDocs\identity\ad-ds\manage\component-updates\AD-DS-Operations.md"
"appendix-creating-management-accounts-protected-accounts-groups-active-directory.md","83","C:\Users\coreyp\WindowsServerDocs-pr\WindowsServerDocs\identity\ad-ds\manage\component-updates\Appendix-I--Creating-Management-Accounts-for-Protected-Accounts-and-Groups-in-Active-Directory.md"
"ca-backup-restore-windows-powershell-cmdlets.md","47","C:\Users\coreyp\WindowsServerDocs-pr\WindowsServerDocs\identity\ad-ds\manage\component-updates\CA-Backup-and-Restore-Windows-PowerShell-cmdlets.md"
"command-line-process-auditing.md","32","C:\Users\coreyp\WindowsServerDocs-pr\WindowsServerDocs\identity\ad-ds\manage\component-updates\Command-line-process-auditing.md"
"directory-services-component-updates.md","39","C:\Users\coreyp\WindowsServerDocs-pr\WindowsServerDocs\identity\ad-ds\manage\component-updates\Directory-Services-component-updates.md"
"event-id-2088-dns-lookup-failure-occurred-with-replication-success.md","69","C:\Users\coreyp\WindowsServerDocs-pr\WindowsServerDocs\identity\ad-ds\manage\component-updates\Event-ID-2088--DNS-lookup-failure-occurred-with-replication-success.md"
"executive-summary.md","20","C:\Users\coreyp\WindowsServerDocs-pr\WindowsServerDocs\identity\ad-ds\manage\component-updates\Executive-Summary.md"
"identity-component-updates.md","29","C:\Users\coreyp\WindowsServerDocs-pr\WindowsServerDocs\identity\ad-ds\manage\component-updates\Identity-component-updates.md"
"introduction.md","15","C:\Users\coreyp\WindowsServerDocs-pr\WindowsServerDocs\identity\ad-ds\manage\component-updates\Introduction.md"
"spn-upn-uniqueness.md","21","C:\Users\coreyp\WindowsServerDocs-pr\WindowsServerDocs\identity\ad-ds\manage\component-updates\SPN-and-UPN-uniqueness.md"
"tpm-key-attestation.md","22","C:\Users\coreyp\WindowsServerDocs-pr\WindowsServerDocs\identity\ad-ds\manage\component-updates\TPM-Key-Attestation.md"
"winlogon-automatic-restart-signon-arso.md","41","C:\Users\coreyp\WindowsServerDocs-pr\WindowsServerDocs\identity\ad-ds\manage\component-updates\Winlogon-Automatic-Restart-Sign-On--ARSO-.md"
"active-directory-replication-topology-management-using-windows-powershell.md","76","C:\Users\coreyp\WindowsServerDocs-pr\WindowsServerDocs\identity\ad-ds\manage\powershell\Active-Directory-Replication-and-Topology-Management-Using-Windows-PowerShell.md"
"advanced-active-directory-replication-topology-management-using-windows-powershell-level-200.md","95","C:\Users\coreyp\WindowsServerDocs-pr\WindowsServerDocs\identity\ad-ds\manage\powershell\Advanced-Active-Directory-Replication-and-Topology-Management-Using-Windows-PowerShell--Level-200-.md"
"introduction-active-directory-replication-topology-management-using-windows-powershell-level-100.md","99","C:\Users\coreyp\WindowsServerDocs-pr\WindowsServerDocs\identity\ad-ds\manage\powershell\Introduction-to-Active-Directory-Replication-and-Topology-Management-Using-Windows-PowerShell--Level-100-.md"
"troubleshooting-active-directory-replication-problems.md","56","C:\Users\coreyp\WindowsServerDocs-pr\WindowsServerDocs\identity\ad-ds\manage\powershell\Troubleshooting-Active-Directory-Replication-Problems.md"
"configuring-computer-troubleshooting.md","39","C:\Users\coreyp\WindowsServerDocs-pr\WindowsServerDocs\identity\ad-ds\manage\troubleshoot\Configuring-a-Computer-for-Troubleshooting.md"
"event-id-1388-1988-lingering-object-detected.md","47","C:\Users\coreyp\WindowsServerDocs-pr\WindowsServerDocs\identity\ad-ds\manage\troubleshoot\Event-ID-1388-or-1988--A-lingering-object-is-detected.md"
"event-id-1925-attempt-establish-replication-link-failed-due-connectivity-problem.md","83","C:\Users\coreyp\WindowsServerDocs-pr\WindowsServerDocs\identity\ad-ds\manage\troubleshoot\Event-ID-1925--Attempt-to-establish-a-replication-link-failed-due-to-connectivity-problem.md"
"event-id-1925-attempt-establish-replication-link-failed-due-dns-lookup-problem.md","81","C:\Users\coreyp\WindowsServerDocs-pr\WindowsServerDocs\identity\ad-ds\manage\troubleshoot\Event-ID-1925--Attempt-to-establish-a-replication-link-failed-due-to-DNS-lookup-problem.md"
"event-id-2042-has-been-too-long-since-this-machine-replicated.md","64","C:\Users\coreyp\WindowsServerDocs-pr\WindowsServerDocs\identity\ad-ds\manage\troubleshoot\Event-ID-2042--It-has-been-too-long-since-this-machine-replicated.md"
"event-id-2087-dns-lookup-failure-caused-replication-fail.md","59","C:\Users\coreyp\WindowsServerDocs-pr\WindowsServerDocs\identity\ad-ds\manage\troubleshoot\Event-ID-2087--DNS-lookup-failure-caused-replication-to-fail.md"
"fixing-replication-connectivity-problems-event-id-1925.md","57","C:\Users\coreyp\WindowsServerDocs-pr\WindowsServerDocs\identity\ad-ds\manage\troubleshoot\Fixing-Replication-Connectivity-Problems--Event-ID-1925-.md"
"fixing-replication-security-problems.md","39","C:\Users\coreyp\WindowsServerDocs-pr\WindowsServerDocs\identity\ad-ds\manage\troubleshoot\Fixing-Replication-Security-Problems.md"
"fixing-replication-topology-problems-event-id-1311.md","53","C:\Users\coreyp\WindowsServerDocs-pr\WindowsServerDocs\identity\ad-ds\manage\troubleshoot\Fixing-Replication-Topology-Problems--Event-ID-1311-.md"
"replication-error-2146893022-target-principal-name-incorrect.md","63","C:\Users\coreyp\WindowsServerDocs-pr\WindowsServerDocs\identity\ad-ds\manage\troubleshoot\Replication-error--2146893022-The-target-principal-name-is-incorrect.md"
"replication-error-1256-remote-system-not-available.md","53","C:\Users\coreyp\WindowsServerDocs-pr\WindowsServerDocs\identity\ad-ds\manage\troubleshoot\Replication-error-1256-The-remote-system-is-not-available.md"
"replication-error-1722-rpc-server-unavailable.md","48","C:\Users\coreyp\WindowsServerDocs-pr\WindowsServerDocs\identity\ad-ds\manage\troubleshoot\Replication-error-1722-The-RPC-server-is-unavailable.md"
"replication-error-5-access-denied.md","36","C:\Users\coreyp\WindowsServerDocs-pr\WindowsServerDocs\identity\ad-ds\manage\troubleshoot\Replication-error-5-Access-is-denied.md"
"replication-error-8451-replication-operation-encountered-database-error.md","74","C:\Users\coreyp\WindowsServerDocs-pr\WindowsServerDocs\identity\ad-ds\manage\troubleshoot\Replication-error-8451-The-replication-operation-encountered-a-database-error.md"
"replication-error-8452-naming-context-process-being-removed-not-replicated-from-specified-server.md","99","C:\Users\coreyp\WindowsServerDocs-pr\WindowsServerDocs\identity\ad-ds\manage\troubleshoot\Replication-error-8452-The-naming-context-is-in-the-process-of-being-removed-or-is-not-replicated-from-the-specified-server.md"
"replication-error-8453-replication-access-denied.md","51","C:\Users\coreyp\WindowsServerDocs-pr\WindowsServerDocs\identity\ad-ds\manage\troubleshoot\Replication-error-8453-Replication-access-was-denied.md"
"replication-error-8456-8457-source--destination-server-currently-rejecting-replication-requests.md","98","C:\Users\coreyp\WindowsServerDocs-pr\WindowsServerDocs\identity\ad-ds\manage\troubleshoot\Replication-error-8456-or-8457-The-source---destination-server-is-currently-rejecting-replication-requests.md"
"replication-error-8524-dsa-operation-unable-proceed-because-dns-lookup-failure.md","81","C:\Users\coreyp\WindowsServerDocs-pr\WindowsServerDocs\identity\ad-ds\manage\troubleshoot\Replication-error-8524-The-DSA-operation-is-unable-to-proceed-because-of-a-DNS-lookup-failure.md"
"replication-error-8606-insufficient-attributes-were-given-create-object.md","74","C:\Users\coreyp\WindowsServerDocs-pr\WindowsServerDocs\identity\ad-ds\manage\troubleshoot\Replication-error-8606-Insufficient-attributes-were-given-to-create-an-object.md"
"verify-dns-functionality-support-directory-replication.md","57","C:\Users\coreyp\WindowsServerDocs-pr\WindowsServerDocs\identity\ad-ds\manage\troubleshoot\Verify-DNS-Functionality-to-Support-Directory-Replication.md"
"virtualized-domain-controller-troubleshooting.md","48","C:\Users\coreyp\WindowsServerDocs-pr\WindowsServerDocs\identity\ad-ds\manage\virtual-dc\Virtualized-Domain-Controller-Troubleshooting.md"
"ad-ds-simplified-administration.md","34","C:\Users\coreyp\WindowsServerDocs-pr\WindowsServerDocs\identity\ad-ds\manage\AD-DS-Simplified-Administration.md"
"ad-ds-troubleshooting.md","24","C:\Users\coreyp\WindowsServerDocs-pr\WindowsServerDocs\identity\ad-ds\manage\AD-DS-Troubleshooting.md"
"appendix-m-document-links-recommended-reading.md","48","C:\Users\coreyp\WindowsServerDocs-pr\WindowsServerDocs\identity\ad-ds\manage\Appendix-M--Document-Links-and-Recommended-Reading.md"
"how-ldap-server-cookies-handled.md","34","C:\Users\coreyp\WindowsServerDocs-pr\WindowsServerDocs\identity\ad-ds\manage\How-LDAP-Server-Cookies-Are-Handled.md"
"how-configure-protected-accounts.md","35","C:\Users\coreyp\WindowsServerDocs-pr\WindowsServerDocs\identity\ad-ds\manage\How-to-Configure-Protected-Accounts.md"
"managing-rid-issuance.md","24","C:\Users\coreyp\WindowsServerDocs-pr\WindowsServerDocs\identity\ad-ds\manage\Managing-RID-Issuance.md"
"replication-error-1753-there-no-more-endpoints-available-from-endpoint-mapper.md","80","C:\Users\coreyp\WindowsServerDocs-pr\WindowsServerDocs\identity\ad-ds\manage\Replication-error-1753-There-are-no-more-endpoints-available-from-the-endpoint-mapper.md"
"appendices.md","13","C:\Users\coreyp\WindowsServerDocs-pr\WindowsServerDocs\identity\ad-ds\plan\security-best-practices\Appendices.md"
"appendix-patch-vulnerability-management-software.md","51","C:\Users\coreyp\WindowsServerDocs-pr\WindowsServerDocs\identity\ad-ds\plan\security-best-practices\Appendix-A--Patch-and-Vulnerability-Management-Software.md"
"appendix-b-privileged-accounts-groups-active-directory.md","57","C:\Users\coreyp\WindowsServerDocs-pr\WindowsServerDocs\identity\ad-ds\plan\security-best-practices\Appendix-B--Privileged-Accounts-and-Groups-in-Active-Directory.md"
"appendix-c-protected-accounts-groups-active-directory.md","56","C:\Users\coreyp\WindowsServerDocs-pr\WindowsServerDocs\identity\ad-ds\plan\security-best-practices\Appendix-C--Protected-Accounts-and-Groups-in-Active-Directory.md"
"appendix-d-securing-builtin-administrator-accounts-active-directory.md","70","C:\Users\coreyp\WindowsServerDocs-pr\WindowsServerDocs\identity\ad-ds\plan\security-best-practices\Appendix-D--Securing-Built-In-Administrator-Accounts-in-Active-Directory.md"
"appendix-e-securing-enterprise-admins-groups-active-directory.md","64","C:\Users\coreyp\WindowsServerDocs-pr\WindowsServerDocs\identity\ad-ds\plan\security-best-practices\Appendix-E--Securing-Enterprise-Admins-Groups-in-Active-Directory.md"
"appendix-f-securing-domain-admins-groups-active-directory.md","60","C:\Users\coreyp\WindowsServerDocs-pr\WindowsServerDocs\identity\ad-ds\plan\security-best-practices\Appendix-F--Securing-Domain-Admins-Groups-in-Active-Directory.md"
"appendix-g-securing-administrators-groups-active-directory.md","61","C:\Users\coreyp\WindowsServerDocs-pr\WindowsServerDocs\identity\ad-ds\plan\security-best-practices\Appendix-G--Securing-Administrators-Groups-in-Active-Directory.md"
"appendix-h-securing-local-administrator-accounts-groups.md","58","C:\Users\coreyp\WindowsServerDocs-pr\WindowsServerDocs\identity\ad-ds\plan\security-best-practices\Appendix-H--Securing-Local-Administrator-Accounts-and-Groups.md"
"appendix-j-thirdparty-rbac-vendors.md","37","C:\Users\coreyp\WindowsServerDocs-pr\WindowsServerDocs\identity\ad-ds\plan\security-best-practices\Appendix-J--Third-Party-RBAC-Vendors.md"
"appendix-k-thirdparty-pim-vendors.md","36","C:\Users\coreyp\WindowsServerDocs-pr\WindowsServerDocs\identity\ad-ds\plan\security-best-practices\Appendix-K--Third-Party-PIM-Vendors.md"
"attractive-accounts-credential-theft.md","39","C:\Users\coreyp\WindowsServerDocs-pr\WindowsServerDocs\identity\ad-ds\plan\security-best-practices\Attractive-Accounts-for-Credential-Theft.md"
"audit-policy-recommendations.md","31","C:\Users\coreyp\WindowsServerDocs-pr\WindowsServerDocs\identity\ad-ds\plan\security-best-practices\Audit-Policy-Recommendations.md"
"avenues-compromise.md","21","C:\Users\coreyp\WindowsServerDocs-pr\WindowsServerDocs\identity\ad-ds\plan\security-best-practices\Avenues-to-Compromise.md"
"best-practices-securing-active-directory.md","43","C:\Users\coreyp\WindowsServerDocs-pr\WindowsServerDocs\identity\ad-ds\plan\security-best-practices\Best-Practices-for-Securing-Active-Directory.md"
"implementing-leastprivilege-administrative-models.md","52","C:\Users\coreyp\WindowsServerDocs-pr\WindowsServerDocs\identity\ad-ds\plan\security-best-practices\Implementing-Least-Privilege-Administrative-Models.md"
"implementing-secure-administrative-hosts.md","43","C:\Users\coreyp\WindowsServerDocs-pr\WindowsServerDocs\identity\ad-ds\plan\security-best-practices\Implementing-Secure-Administrative-Hosts.md"
"maintaining-more-secure-environment.md","38","C:\Users\coreyp\WindowsServerDocs-pr\WindowsServerDocs\identity\ad-ds\plan\security-best-practices\Maintaining-a-More-Secure-Environment.md"
"monitoring-active-directory-signs-compromise.md","47","C:\Users\coreyp\WindowsServerDocs-pr\WindowsServerDocs\identity\ad-ds\plan\security-best-practices\Monitoring-Active-Directory-for-Signs-of-Compromise.md"
"planning-compromise.md","22","C:\Users\coreyp\WindowsServerDocs-pr\WindowsServerDocs\identity\ad-ds\plan\security-best-practices\Planning-for-Compromise.md"
"reducing-active-directory-attack-surface.md","43","C:\Users\coreyp\WindowsServerDocs-pr\WindowsServerDocs\identity\ad-ds\plan\security-best-practices\Reducing-the-Active-Directory-Attack-Surface.md"
"securing-domain-controllers-against-attack.md","45","C:\Users\coreyp\WindowsServerDocs-pr\WindowsServerDocs\identity\ad-ds\plan\security-best-practices\Securing-Domain-Controllers-Against-Attack.md"
"summary-best-practices.md","25","C:\Users\coreyp\WindowsServerDocs-pr\WindowsServerDocs\identity\ad-ds\plan\security-best-practices\Summary-of-Best-Practices.md"
"understanding-active-directory-domain-services-ad-ds-functional-levels.md","73","C:\Users\coreyp\WindowsServerDocs-pr\WindowsServerDocs\identity\ad-ds\plan\security-best-practices\Understanding-Active-Directory-Domain-Services--AD-DS--Functional-Levels.md"
"active-directoryintegrated-dns-zones.md","39","C:\Users\coreyp\WindowsServerDocs-pr\WindowsServerDocs\identity\ad-ds\plan\Active-Directory-Integrated-DNS-Zones.md"
"ad-ds-deployment-requirements.md","32","C:\Users\coreyp\WindowsServerDocs-pr\WindowsServerDocs\identity\ad-ds\plan\AD-DS-Deployment-Requirements.md"
"ad-ds-design-planning.md","24","C:\Users\coreyp\WindowsServerDocs-pr\WindowsServerDocs\identity\ad-ds\plan\AD-DS-Design-and-Planning.md"
"ad-ds-design-requirements.md","28","C:\Users\coreyp\WindowsServerDocs-pr\WindowsServerDocs\identity\ad-ds\plan\AD-DS-Design-Requirements.md"
"appendix-dns-inventory.md","25","C:\Users\coreyp\WindowsServerDocs-pr\WindowsServerDocs\identity\ad-ds\plan\Appendix-A--DNS-Inventory.md"
"appendix-locations-subnet-prefixes.md","37","C:\Users\coreyp\WindowsServerDocs-pr\WindowsServerDocs\identity\ad-ds\plan\Appendix-A--Locations-and-Subnet-Prefixes.md"
"appendix-reviewing-key-ad-ds-terms.md","37","C:\Users\coreyp\WindowsServerDocs-pr\WindowsServerDocs\identity\ad-ds\plan\Appendix-A--Reviewing-Key-AD-DS-Terms.md"
"appendix-l-events-monitor.md","28","C:\Users\coreyp\WindowsServerDocs-pr\WindowsServerDocs\identity\ad-ds\plan\Appendix-L--Events-to-Monitor.md"
"assigning-domain-names.md","25","C:\Users\coreyp\WindowsServerDocs-pr\WindowsServerDocs\identity\ad-ds\plan\Assigning-Domain-Names.md"
"autonomy-vs-isolation.md","24","C:\Users\coreyp\WindowsServerDocs-pr\WindowsServerDocs\identity\ad-ds\plan\Autonomy-vs.-Isolation.md"
"collecting-network-information.md","33","C:\Users\coreyp\WindowsServerDocs-pr\WindowsServerDocs\identity\ad-ds\plan\Collecting-Network-Information.md"
"computer-naming.md","18","C:\Users\coreyp\WindowsServerDocs-pr\WindowsServerDocs\identity\ad-ds\plan\Computer-Naming.md"
"creating-dns-infrastructure-design.md","37","C:\Users\coreyp\WindowsServerDocs-pr\WindowsServerDocs\identity\ad-ds\plan\Creating-a-DNS-Infrastructure-Design.md"
"creating-domain-design.md","25","C:\Users\coreyp\WindowsServerDocs-pr\WindowsServerDocs\identity\ad-ds\plan\Creating-a-Domain-Design.md"
"creating-forest-design.md","25","C:\Users\coreyp\WindowsServerDocs-pr\WindowsServerDocs\identity\ad-ds\plan\Creating-a-Forest-Design.md"
"creating-site-design.md","23","C:\Users\coreyp\WindowsServerDocs-pr\WindowsServerDocs\identity\ad-ds\plan\Creating-a-Site-Design.md"
"creating-site-link-bridge-design.md","35","C:\Users\coreyp\WindowsServerDocs-pr\WindowsServerDocs\identity\ad-ds\plan\Creating-a-Site-Link-Bridge-Design.md"
"creating-site-link-design.md","28","C:\Users\coreyp\WindowsServerDocs-pr\WindowsServerDocs\identity\ad-ds\plan\Creating-a-Site-Link-Design.md"
"creating-organizational-unit-design.md","38","C:\Users\coreyp\WindowsServerDocs-pr\WindowsServerDocs\identity\ad-ds\plan\Creating-an-Organizational-Unit-Design.md"
"delegating-administration-by-using-ou-objects.md","48","C:\Users\coreyp\WindowsServerDocs-pr\WindowsServerDocs\identity\ad-ds\plan\Delegating-Administration-by-Using-OU-Objects.md"
"delegating-administration-account-ous-resource-ous.md","53","C:\Users\coreyp\WindowsServerDocs-pr\WindowsServerDocs\identity\ad-ds\plan\Delegating-Administration-of-Account-OUs-and-Resource-OUs.md"
"delegating-administration-default-containers-ous.md","51","C:\Users\coreyp\WindowsServerDocs-pr\WindowsServerDocs\identity\ad-ds\plan\Delegating-Administration-of-Default-Containers-and-OUs.md"
"deploying-ad-ds-new-organization.md","35","C:\Users\coreyp\WindowsServerDocs-pr\WindowsServerDocs\identity\ad-ds\plan\Deploying-AD-DS-in-a-New-Organization.md"
"deploying-ad-ds-windows-2000-organization.md","44","C:\Users\coreyp\WindowsServerDocs-pr\WindowsServerDocs\identity\ad-ds\plan\Deploying-AD-DS-in-a-Windows-2000-Organization.md"
"deploying-ad-ds-windows-server-2003-organization.md","51","C:\Users\coreyp\WindowsServerDocs-pr\WindowsServerDocs\identity\ad-ds\plan\Deploying-AD-DS-in-a-Windows-Server-2003-Organization.md"
"designing-logical-structure.md","30","C:\Users\coreyp\WindowsServerDocs-pr\WindowsServerDocs\identity\ad-ds\plan\Designing-the-Logical-Structure.md"
"designing-site-topology.md","26","C:\Users\coreyp\WindowsServerDocs-pr\WindowsServerDocs\identity\ad-ds\plan\Designing-the-Site-Topology.md"
"determining-cost.md","19","C:\Users\coreyp\WindowsServerDocs-pr\WindowsServerDocs\identity\ad-ds\plan\Determining-the-Cost.md"
"determining-interval.md","23","C:\Users\coreyp\WindowsServerDocs-pr\WindowsServerDocs\identity\ad-ds\plan\Determining-the-Interval.md"
"determining-number-domains-required.md","38","C:\Users\coreyp\WindowsServerDocs-pr\WindowsServerDocs\identity\ad-ds\plan\Determining-the-Number-of-Domains-Required.md"
"determining-number-forests-required.md","38","C:\Users\coreyp\WindowsServerDocs-pr\WindowsServerDocs\identity\ad-ds\plan\Determining-the-Number-of-Forests-Required.md"
"determining-schedule.md","23","C:\Users\coreyp\WindowsServerDocs-pr\WindowsServerDocs\identity\ad-ds\plan\Determining-the-Schedule.md"
"determining-whether-upgrade-existing-domains-deploy-new-domains.md","66","C:\Users\coreyp\WindowsServerDocs-pr\WindowsServerDocs\identity\ad-ds\plan\Determining-Whether-to-Upgrade-Existing-Domains-or-Deploy-New-Domains.md"
"disjoint-namespace.md","21","C:\Users\coreyp\WindowsServerDocs-pr\WindowsServerDocs\identity\ad-ds\plan\Disjoint-Namespace.md"
"dns-ad-ds.md","12","C:\Users\coreyp\WindowsServerDocs-pr\WindowsServerDocs\identity\ad-ds\plan\DNS-and-AD-DS.md"
"domain-controller-location.md","29","C:\Users\coreyp\WindowsServerDocs-pr\WindowsServerDocs\identity\ad-ds\plan\Domain-Controller-Location.md"
"enabling-advanced-features-ad-ds.md","35","C:\Users\coreyp\WindowsServerDocs-pr\WindowsServerDocs\identity\ad-ds\plan\Enabling-Advanced-Features-for-AD-DS.md"
"enabling-clients-locate-next-closest-domain-controller.md","57","C:\Users\coreyp\WindowsServerDocs-pr\WindowsServerDocs\identity\ad-ds\plan\Enabling-Clients-to-Locate-the-Next-Closest-Domain-Controller.md"
"evaluating-ad-ds-deployment-strategy-examples.md","48","C:\Users\coreyp\WindowsServerDocs-pr\WindowsServerDocs\identity\ad-ds\plan\Evaluating-AD-DS-Deployment-Strategy-Examples.md"
"finding-additional-resources-enabling-advanced-features.md","58","C:\Users\coreyp\WindowsServerDocs-pr\WindowsServerDocs\identity\ad-ds\plan\Finding-Additional-Resources-for-Enabling-Advanced-Features.md"
"finding-additional-resources-logical-structure-design.md","56","C:\Users\coreyp\WindowsServerDocs-pr\WindowsServerDocs\identity\ad-ds\plan\Finding-Additional-Resources-for-Logical-Structure-Design.md"
"finding-additional-resources-windows-server-2008-active-directory-site-topology-design.md","89","C:\Users\coreyp\WindowsServerDocs-pr\WindowsServerDocs\identity\ad-ds\plan\Finding-Additional-Resources-for-Windows-Server-2008-Active-Directory-Site-Topology-Design.md"
"forest-design-models.md","23","C:\Users\coreyp\WindowsServerDocs-pr\WindowsServerDocs\identity\ad-ds\plan\Forest-Design-Models.md"
"identifying-forest-design-requirements.md","41","C:\Users\coreyp\WindowsServerDocs-pr\WindowsServerDocs\identity\ad-ds\plan\Identifying-Forest-Design-Requirements.md"
"identifying-deployment-project-participants.md","46","C:\Users\coreyp\WindowsServerDocs-pr\WindowsServerDocs\identity\ad-ds\plan\Identifying-the-Deployment-Project-Participants.md"
"identifying-your-ad-ds-design-deployment-requirements.md","56","C:\Users\coreyp\WindowsServerDocs-pr\WindowsServerDocs\identity\ad-ds\plan\Identifying-Your-AD-DS-Design-and-Deployment-Requirements.md"
"identifying-your-functional-level-upgrade.md","44","C:\Users\coreyp\WindowsServerDocs-pr\WindowsServerDocs\identity\ad-ds\plan\Identifying-Your-Functional-Level-Upgrade.md"
"integrating-ad-ds-into-existing-dns-infrastructure.md","53","C:\Users\coreyp\WindowsServerDocs-pr\WindowsServerDocs\identity\ad-ds\plan\Integrating-AD-DS-into-an-Existing-DNS-Infrastructure.md"
"mapping-design-requirements-forest-design-models.md","51","C:\Users\coreyp\WindowsServerDocs-pr\WindowsServerDocs\identity\ad-ds\plan\Mapping-Design-Requirements-to-Forest-Design-Models.md"
"mapping-your-requirements-ad-ds-deployment-strategy.md","54","C:\Users\coreyp\WindowsServerDocs-pr\WindowsServerDocs\identity\ad-ds\plan\Mapping-Your-Requirements-to-an-AD-DS-Deployment-Strategy.md"
"planning-domain-controller-placement.md","39","C:\Users\coreyp\WindowsServerDocs-pr\WindowsServerDocs\identity\ad-ds\plan\Planning-Domain-Controller-Placement.md"
"planning-forest-root-domain-controller-placement.md","51","C:\Users\coreyp\WindowsServerDocs-pr\WindowsServerDocs\identity\ad-ds\plan\Planning-Forest-Root-Domain-Controller-Placement.md"
"planning-global-catalog-server-placement.md","43","C:\Users\coreyp\WindowsServerDocs-pr\WindowsServerDocs\identity\ad-ds\plan\Planning-Global-Catalog-Server-Placement.md"
"planning-operations-master-role-placement.md","44","C:\Users\coreyp\WindowsServerDocs-pr\WindowsServerDocs\identity\ad-ds\plan\Planning-Operations-Master-Role-Placement.md"
"planning-regional-domain-controller-placement.md","48","C:\Users\coreyp\WindowsServerDocs-pr\WindowsServerDocs\identity\ad-ds\plan\Planning-Regional-Domain-Controller-Placement.md"
"replication-error-1396-logon-failure-target-account-name-incorrect.md","69","C:\Users\coreyp\WindowsServerDocs-pr\WindowsServerDocs\identity\ad-ds\plan\Replication-error-1396-Logon-Failure-The-target-account-name-is-incorrect.md"
"reviewing-dns-concepts.md","25","C:\Users\coreyp\WindowsServerDocs-pr\WindowsServerDocs\identity\ad-ds\plan\Reviewing-DNS-Concepts.md"
"reviewing-ou-design-concepts.md","31","C:\Users\coreyp\WindowsServerDocs-pr\WindowsServerDocs\identity\ad-ds\plan\Reviewing-OU-Design-Concepts.md"
"reviewing-domain-models.md","26","C:\Users\coreyp\WindowsServerDocs-pr\WindowsServerDocs\identity\ad-ds\plan\Reviewing-the-Domain-Models.md"
"selecting-forest-root-domain.md","31","C:\Users\coreyp\WindowsServerDocs-pr\WindowsServerDocs\identity\ad-ds\plan\Selecting-the-Forest-Root-Domain.md"
"service-administrator-scope-authority.md","40","C:\Users\coreyp\WindowsServerDocs-pr\WindowsServerDocs\identity\ad-ds\plan\Service-Administrator-Scope-of-Authority.md"
"setting-site-link-properties.md","31","C:\Users\coreyp\WindowsServerDocs-pr\WindowsServerDocs\identity\ad-ds\plan\Setting-Site-Link-Properties.md"
"site-functions.md","17","C:\Users\coreyp\WindowsServerDocs-pr\WindowsServerDocs\identity\ad-ds\plan\Site-Functions.md"
"site-topology-owner-role.md","27","C:\Users\coreyp\WindowsServerDocs-pr\WindowsServerDocs\identity\ad-ds\plan\Site-Topology-Owner-Role.md"
"understanding-active-directory-site-topology.md","47","C:\Users\coreyp\WindowsServerDocs-pr\WindowsServerDocs\identity\ad-ds\plan\Understanding-Active-Directory-Site-Topology.md"
"understanding-ad-ds-design.md","29","C:\Users\coreyp\WindowsServerDocs-pr\WindowsServerDocs\identity\ad-ds\plan\Understanding-AD-DS-Design.md"
"understanding-active-directory-logical-model.md","47","C:\Users\coreyp\WindowsServerDocs-pr\WindowsServerDocs\identity\ad-ds\plan\Understanding-the-Active-Directory-Logical-Model.md"
"using-organizational-domain-forest-model.md","43","C:\Users\coreyp\WindowsServerDocs-pr\WindowsServerDocs\identity\ad-ds\plan\Using-the-Organizational-Domain-Forest-Model.md"
"virtualized-domain-controller-additional-resources.md","53","C:\Users\coreyp\WindowsServerDocs-pr\WindowsServerDocs\identity\ad-ds\reference\virtual-dc\Virtualized-Domain-Controller-Additional-Resources.md"
"virtualized-domain-controller-cloning-test-guidance-application-vendors.md","74","C:\Users\coreyp\WindowsServerDocs-pr\WindowsServerDocs\identity\ad-ds\reference\virtual-dc\Virtualized-Domain-Controller-Cloning-Test-Guidance-for-Application-Vendors.md"
"virtualized-domain-controller-technical-reference-appendix.md","61","C:\Users\coreyp\WindowsServerDocs-pr\WindowsServerDocs\identity\ad-ds\reference\virtual-dc\Virtualized-Domain-Controller-Technical-Reference-Appendix.md"
"active-directory-domain-services.md","35","C:\Users\coreyp\WindowsServerDocs-pr\WindowsServerDocs\identity\ad-ds\Active-Directory-Domain-Services.md"
"ad-ds-getting-started.md","24","C:\Users\coreyp\WindowsServerDocs-pr\WindowsServerDocs\identity\ad-ds\AD-DS-Getting-Started.md"
"introduction-active-directory-domain-services-ad-ds-virtualization-level-100.md","79","C:\Users\coreyp\WindowsServerDocs-pr\WindowsServerDocs\identity\ad-ds\Introduction-to-Active-Directory-Domain-Services--AD-DS--Virtualization--Level-100-.md"
"windows-server-2016-functional-levels.md","40","C:\Users\coreyp\WindowsServerDocs-pr\WindowsServerDocs\identity\ad-ds\Windows-Server-2016-Functional-Levels.md"
"upgrading-ad-fs-windows-server-2016.md","38","C:\Users\coreyp\WindowsServerDocs-pr\WindowsServerDocs\identity\ad-fs\get-started\upgrading-to-WS2016\Upgrading-to-AD-FS-in-Windows-Server-2016.md"
"ad-fs-scenarios-developers.md","29","C:\Users\coreyp\WindowsServerDocs-pr\WindowsServerDocs\identity\ad-fs\get-started\AD-FS-Scenarios-for-Developers.md"
"configure-additional-authentication-methods-ad-fs.md","52","C:\Users\coreyp\WindowsServerDocs-pr\WindowsServerDocs\identity\ad-fs\get-started\Configure-Additional-Authentication-Methods-for-AD-FS.md"
"join-workplace-from-any-device-sso-seamless-second-factor-authentication-across-company-applications.md","103","C:\Users\coreyp\WindowsServerDocs-pr\WindowsServerDocs\identity\ad-fs\get-started\Join-to-Workplace-from-Any-Device-for-SSO-and-Seamless-Second-Factor-Authentication-Across-Company-Applications.md"
"manage-risk-with-additional-multifactor-authentication-sensitive-applications.md","80","C:\Users\coreyp\WindowsServerDocs-pr\WindowsServerDocs\identity\ad-fs\get-started\Manage-Risk-with-Additional-Multi-Factor-Authentication-for-Sensitive-Applications.md"
"manage-risk-with-conditional-access-control.md","46","C:\Users\coreyp\WindowsServerDocs-pr\WindowsServerDocs\identity\ad-fs\get-started\Manage-Risk-with-Conditional-Access-Control.md"
"set-lab-environment-ad-fs-windows-server-2012-r2.md","51","C:\Users\coreyp\WindowsServerDocs-pr\WindowsServerDocs\identity\ad-fs\get-started\Set-up-the-lab-environment-for-AD-FS-in-Windows-Server-2012-R2.md"
"walkthrough-workplace-join-android-device.md","44","C:\Users\coreyp\WindowsServerDocs-pr\WindowsServerDocs\identity\ad-fs\get-started\Walkthrough--Workplace-Join-to-an-Android-device.md"
"walkthrough-workplace-join-with-windows-device.md","49","C:\Users\coreyp\WindowsServerDocs-pr\WindowsServerDocs\identity\ad-fs\get-started\Walkthrough--Workplace-Join-with-a-Windows-Device.md"
"walkthrough-workplace-join-with-ios-device.md","45","C:\Users\coreyp\WindowsServerDocs-pr\WindowsServerDocs\identity\ad-fs\get-started\Walkthrough--Workplace-Join-with-an-iOS-Device.md"
"walkthrough-guide-manage-risk-with-additional-multifactor-authentication-sensitive-applications.md","98","C:\Users\coreyp\WindowsServerDocs-pr\WindowsServerDocs\identity\ad-fs\get-started\Walkthrough-Guide--Manage-Risk-with-Additional-Multi-Factor-Authentication-for-Sensitive-Applications.md"
"walkthrough-guide-manage-risk-with-conditional-access-control.md","64","C:\Users\coreyp\WindowsServerDocs-pr\WindowsServerDocs\identity\ad-fs\get-started\Walkthrough-Guide--Manage-Risk-with-Conditional-Access-Control.md"
"whats-new-active-directory-federation-services-windows-server-2016-technical-preview.md","87","C:\Users\coreyp\WindowsServerDocs-pr\WindowsServerDocs\identity\ad-fs\get-started\What-s-new-in-Active-Directory-Federation-Services-for-Windows-Server-2016-Technical-Preview.md"
"ad-fs-onbehalfof-authentication-windows-server-2016.md","54","C:\Users\coreyp\WindowsServerDocs-pr\WindowsServerDocs\identity\ad-fs\manage\development\AD-FS-On-behalf-of-Authentication-in-Windows-Server-2016.md"
"enabling-oauth-confidential-clients-with-ad-fs-2016.md","54","C:\Users\coreyp\WindowsServerDocs-pr\WindowsServerDocs\identity\ad-fs\manage\development\Enabling-Oauth-Confidential-Clients-with-AD-FS-2016.md"
"enabling-openid-connect-with-ad-fs-2016.md","42","C:\Users\coreyp\WindowsServerDocs-pr\WindowsServerDocs\identity\ad-fs\manage\development\Enabling-OpenId-Connect-with-AD-FS-2016.md"
"access-control-policies-ad-fs.md","32","C:\Users\coreyp\WindowsServerDocs-pr\WindowsServerDocs\identity\ad-fs\manage\ops\Access-Control-Policies-in-AD-FS.md"
"ad-fs-2016-single-sign-settings.md","34","C:\Users\coreyp\WindowsServerDocs-pr\WindowsServerDocs\identity\ad-fs\manage\ops\AD-FS-2016-Single-Sign-On-Settings.md"
"ad-fs-support-alternate-hostname-binding-certificate-authentication.md","70","C:\Users\coreyp\WindowsServerDocs-pr\WindowsServerDocs\identity\ad-fs\manage\ops\AD-FS-support-for-alternate-hostname-binding-for-certificate-authentication.md"
"ad-fs-user-signin-customization.md","34","C:\Users\coreyp\WindowsServerDocs-pr\WindowsServerDocs\identity\ad-fs\manage\ops\AD-FS-user-sign-in-customization.md"
"auditing-enhancements-ad-fs-windows-server-2016.md","50","C:\Users\coreyp\WindowsServerDocs-pr\WindowsServerDocs\identity\ad-fs\manage\ops\Auditing-Enhancements-to-AD-FS-in-Windows-Server-2016.md"
"configure-ad-fs-2016-azure-mfa.md","33","C:\Users\coreyp\WindowsServerDocs-pr\WindowsServerDocs\identity\ad-fs\manage\ops\Configure-AD-FS-2016-and-Azure-MFA.md"
"configure-ad-fs-authenticate-users-stored-ldap-directories.md","61","C:\Users\coreyp\WindowsServerDocs-pr\WindowsServerDocs\identity\ad-fs\manage\ops\Configure-AD-FS-to-authenticate-users-stored-in-LDAP-directories.md"
"configure-ad-fs-send-password-expiry-claims.md","46","C:\Users\coreyp\WindowsServerDocs-pr\WindowsServerDocs\identity\ad-fs\manage\ops\Configure-AD-FS-to-Send-Password-Expiry-Claims.md"
"configuring-alternate-login-id.md","33","C:\Users\coreyp\WindowsServerDocs-pr\WindowsServerDocs\identity\ad-fs\manage\ops\Configuring-Alternate-Login-ID.md"
"improved-interoperability-with-saml-20.md","41","C:\Users\coreyp\WindowsServerDocs-pr\WindowsServerDocs\identity\ad-fs\manage\ops\Improved-interoperability-with-SAML-2.0.md"
"updates-active-directory-federation-services-ad-fs.md","53","C:\Users\coreyp\WindowsServerDocs-pr\WindowsServerDocs\identity\ad-fs\manage\ops\Updates-for-Active-Directory-Federation-Services--AD-FS-.md"
"using-devicebased-conditional-access-onpremises.md","50","C:\Users\coreyp\WindowsServerDocs-pr\WindowsServerDocs\identity\ad-fs\manage\ops\Using-Device-based-Conditional-Access-on-Premises.md"
"when-use-custom-claim-rule.md","29","C:\Users\coreyp\WindowsServerDocs-pr\WindowsServerDocs\identity\ad-fs\plan\tech-ref\key-concepts\claim-rule-template\When-to-Use-a-Custom-Claim-Rule.md"
"when-use-pass-through-filter-claim-rule.md","42","C:\Users\coreyp\WindowsServerDocs-pr\WindowsServerDocs\identity\ad-fs\plan\tech-ref\key-concepts\claim-rule-template\When-to-Use-a-Pass-Through-or-Filter-Claim-Rule.md"
"when-use-send-group-membership-as-claim-rule.md","47","C:\Users\coreyp\WindowsServerDocs-pr\WindowsServerDocs\identity\ad-fs\plan\tech-ref\key-concepts\claim-rule-template\When-to-Use-a-Send-Group-Membership-as-a-Claim-Rule.md"
"when-use-send-ldap-attributes-as-claims-rule.md","47","C:\Users\coreyp\WindowsServerDocs-pr\WindowsServerDocs\identity\ad-fs\plan\tech-ref\key-concepts\claim-rule-template\When-to-Use-a-Send-LDAP-Attributes-as-Claims-Rule.md"
"when-use-authorization-claim-rule.md","36","C:\Users\coreyp\WindowsServerDocs-pr\WindowsServerDocs\identity\ad-fs\plan\tech-ref\key-concepts\claim-rule-template\When-to-Use-an-Authorization-Claim-Rule.md"
"determine-type-claim-rule-template-use.md","41","C:\Users\coreyp\WindowsServerDocs-pr\WindowsServerDocs\identity\ad-fs\plan\tech-ref\key-concepts\Determine-the-Type-of-Claim-Rule-Template-to-Use.md"
"how-uris-used-ad-fs.md","22","C:\Users\coreyp\WindowsServerDocs-pr\WindowsServerDocs\identity\ad-fs\plan\tech-ref\key-concepts\How-URIs-Are-Used-in-AD-FS.md"
"the-role-attribute-stores.md","28","C:\Users\coreyp\WindowsServerDocs-pr\WindowsServerDocs\identity\ad-fs\plan\tech-ref\key-concepts\The-Role-of-Attribute-Stores.md"
"the-role-claim-rules.md","23","C:\Users\coreyp\WindowsServerDocs-pr\WindowsServerDocs\identity\ad-fs\plan\tech-ref\key-concepts\The-Role-of-Claim-Rules.md"
"the-role-claims.md","18","C:\Users\coreyp\WindowsServerDocs-pr\WindowsServerDocs\identity\ad-fs\plan\tech-ref\key-concepts\The-Role-of-Claims.md"
"the-role-ad-fs-configuration-database.md","40","C:\Users\coreyp\WindowsServerDocs-pr\WindowsServerDocs\identity\ad-fs\plan\tech-ref\key-concepts\The-Role-of-the-AD-FS-Configuration-Database.md"
"the-role-claim-rule-language.md","31","C:\Users\coreyp\WindowsServerDocs-pr\WindowsServerDocs\identity\ad-fs\plan\tech-ref\key-concepts\The-Role-of-the-Claim-Rule-Language.md"
"the-role-claims-engine.md","25","C:\Users\coreyp\WindowsServerDocs-pr\WindowsServerDocs\identity\ad-fs\plan\tech-ref\key-concepts\The-Role-of-the-Claims-Engine.md"
"the-role-claims-pipeline.md","27","C:\Users\coreyp\WindowsServerDocs-pr\WindowsServerDocs\identity\ad-fs\plan\tech-ref\key-concepts\The-Role-of-the-Claims-Pipeline.md"
"device-registration-technical-reference.md","42","C:\Users\coreyp\WindowsServerDocs-pr\WindowsServerDocs\identity\ad-fs\plan\tech-ref\Device-Registration-Technical-Reference.md"
"understanding-key-ad-fs-concepts.md","35","C:\Users\coreyp\WindowsServerDocs-pr\WindowsServerDocs\identity\ad-fs\plan\tech-ref\Understanding-Key-AD-FS-Concepts.md"
"best-practices-secure-planning-deployment-ad-fs.md","50","C:\Users\coreyp\WindowsServerDocs-pr\WindowsServerDocs\identity\ad-fs\plan\WS2012-guide\deployment\Best-Practices-for-Secure-Planning-and-Deployment-of-AD-FS.md"
"planning-interoperability-with-ad-fs-1x.md","42","C:\Users\coreyp\WindowsServerDocs-pr\WindowsServerDocs\identity\ad-fs\plan\WS2012-guide\deployment\Planning-for-Interoperability-with-AD-FS-1.x.md"
"using-ad-ds-claims-with-ad-fs.md","32","C:\Users\coreyp\WindowsServerDocs-pr\WindowsServerDocs\identity\ad-fs\plan\WS2012-guide\deployment\Using-AD-DS-Claims-with-AD-FS.md"
"when-use-identity-delegation.md","31","C:\Users\coreyp\WindowsServerDocs-pr\WindowsServerDocs\identity\ad-fs\plan\WS2012-guide\deployment\When-to-Use-Identity-Delegation.md"
"provide-users-another-organization-access-your-claimsaware-applications-services.md","83","C:\Users\coreyp\WindowsServerDocs-pr\WindowsServerDocs\identity\ad-fs\plan\WS2012-guide\goals\Provide-Users-in-Another-Organization-Access-to-Your-Claims-Aware-Applications-and-Services.md"
"provide-your-active-directory-users-access-applications-services-other-organizations.md","87","C:\Users\coreyp\WindowsServerDocs-pr\WindowsServerDocs\identity\ad-fs\plan\WS2012-guide\goals\Provide-Your-Active-Directory-Users-Access-to-the-Applications-and-Services-of-Other-Organizations.md"
"provide-your-active-directory-users-access-your-claimsaware-applications-services.md","84","C:\Users\coreyp\WindowsServerDocs-pr\WindowsServerDocs\identity\ad-fs\plan\WS2012-guide\goals\Provide-Your-Active-Directory-Users-Access-to-Your-Claims-Aware-Applications-and-Services.md"
"federated-web-sso-design.md","27","C:\Users\coreyp\WindowsServerDocs-pr\WindowsServerDocs\identity\ad-fs\plan\WS2012-guide\map-goals-to-plan\Federated-Web-SSO-Design.md"
"web-sso-design.md","17","C:\Users\coreyp\WindowsServerDocs-pr\WindowsServerDocs\identity\ad-fs\plan\WS2012-guide\map-goals-to-plan\Web-SSO-Design.md"
"certificate-requirements-federation-server-proxies.md","53","C:\Users\coreyp\WindowsServerDocs-pr\WindowsServerDocs\identity\ad-fs\plan\WS2012-guide\proxy-placement\Certificate-Requirements-for-Federation-Server-Proxies.md"
"when-create-federation-server-proxy-farm.md","43","C:\Users\coreyp\WindowsServerDocs-pr\WindowsServerDocs\identity\ad-fs\plan\WS2012-guide\proxy-placement\When-to-Create-a-Federation-Server-Proxy-Farm.md"
"when-create-federation-server-proxy.md","38","C:\Users\coreyp\WindowsServerDocs-pr\WindowsServerDocs\identity\ad-fs\plan\WS2012-guide\proxy-placement\When-to-Create-a-Federation-Server-Proxy.md"
"where-place-federation-server-proxy.md","38","C:\Users\coreyp\WindowsServerDocs-pr\WindowsServerDocs\identity\ad-fs\plan\WS2012-guide\proxy-placement\Where-to-Place-a-Federation-Server-Proxy.md"
"planning-federation-server-capacity.md","38","C:\Users\coreyp\WindowsServerDocs-pr\WindowsServerDocs\identity\ad-fs\plan\WS2012-guide\server-capacity\Planning-for-Federation-Server-Capacity.md"
"planning-federation-server-proxy-capacity.md","44","C:\Users\coreyp\WindowsServerDocs-pr\WindowsServerDocs\identity\ad-fs\plan\WS2012-guide\server-capacity\Planning-for-Federation-Server-Proxy-Capacity.md"
"certificate-requirements-federation-servers.md","46","C:\Users\coreyp\WindowsServerDocs-pr\WindowsServerDocs\identity\ad-fs\plan\WS2012-guide\server-placement\Certificate-Requirements-for-Federation-Servers.md"
"name-resolution-requirements-federation-servers.md","50","C:\Users\coreyp\WindowsServerDocs-pr\WindowsServerDocs\identity\ad-fs\plan\WS2012-guide\server-placement\Name-Resolution-Requirements-for-Federation-Servers.md"
"service-communications-certificates.md","38","C:\Users\coreyp\WindowsServerDocs-pr\WindowsServerDocs\identity\ad-fs\plan\WS2012-guide\server-placement\Service-Communications-Certificates.md"
"tokensigning-certificates.md","28","C:\Users\coreyp\WindowsServerDocs-pr\WindowsServerDocs\identity\ad-fs\plan\WS2012-guide\server-placement\Token-Signing-Certificates.md"
"when-create-federation-server-farm.md","37","C:\Users\coreyp\WindowsServerDocs-pr\WindowsServerDocs\identity\ad-fs\plan\WS2012-guide\server-placement\When-to-Create-a-Federation-Server-Farm.md"
"when-create-federation-server.md","32","C:\Users\coreyp\WindowsServerDocs-pr\WindowsServerDocs\identity\ad-fs\plan\WS2012-guide\server-placement\When-to-Create-a-Federation-Server.md"
"where-place-federation-server.md","32","C:\Users\coreyp\WindowsServerDocs-pr\WindowsServerDocs\identity\ad-fs\plan\WS2012-guide\server-placement\Where-to-Place-a-Federation-Server.md"
"ad-fs-deployment-topology-considerations.md","43","C:\Users\coreyp\WindowsServerDocs-pr\WindowsServerDocs\identity\ad-fs\plan\WS2012-guide\topology\AD-FS-Deployment-Topology-Considerations.md"
"federation-server-farm-using-sql-server.md","42","C:\Users\coreyp\WindowsServerDocs-pr\WindowsServerDocs\identity\ad-fs\plan\WS2012-guide\topology\Federation-Server-Farm-Using-SQL-Server.md"
"federation-server-farm-using-wid-proxies.md","43","C:\Users\coreyp\WindowsServerDocs-pr\WindowsServerDocs\identity\ad-fs\plan\WS2012-guide\topology\Federation-Server-Farm-Using-WID-and-Proxies.md"
"federation-server-farm-using-wid.md","35","C:\Users\coreyp\WindowsServerDocs-pr\WindowsServerDocs\identity\ad-fs\plan\WS2012-guide\topology\Federation-Server-Farm-Using-WID.md"
"standalone-federation-server-using-wid.md","41","C:\Users\coreyp\WindowsServerDocs-pr\WindowsServerDocs\identity\ad-fs\plan\WS2012-guide\topology\Stand-Alone-Federation-Server-Using-WID.md"
"appendix-reviewing-ad-fs-requirements.md","40","C:\Users\coreyp\WindowsServerDocs-pr\WindowsServerDocs\identity\ad-fs\plan\WS2012-guide\Appendix-A--Reviewing-AD-FS-Requirements.md"
"determine-your-ad-fs-deployment-topology.md","43","C:\Users\coreyp\WindowsServerDocs-pr\WindowsServerDocs\identity\ad-fs\plan\WS2012-guide\Determine-Your-AD-FS-Deployment-Topology.md"
"identifying-your-ad-fs-deployment-goals.md","42","C:\Users\coreyp\WindowsServerDocs-pr\WindowsServerDocs\identity\ad-fs\plan\WS2012-guide\Identifying-Your-AD-FS-Deployment-Goals.md"
"mapping-your-deployment-goals-ad-fs-design.md","45","C:\Users\coreyp\WindowsServerDocs-pr\WindowsServerDocs\identity\ad-fs\plan\WS2012-guide\Mapping-Your-Deployment-Goals-to-an-AD-FS-Design.md"
"planning-federation-server-placement.md","39","C:\Users\coreyp\WindowsServerDocs-pr\WindowsServerDocs\identity\ad-fs\plan\WS2012-guide\Planning-Federation-Server-Placement.md"
"planning-federation-server-proxy-placement.md","45","C:\Users\coreyp\WindowsServerDocs-pr\WindowsServerDocs\identity\ad-fs\plan\WS2012-guide\Planning-Federation-Server-Proxy-Placement.md"
"planning-ad-fs-server-capacity.md","33","C:\Users\coreyp\WindowsServerDocs-pr\WindowsServerDocs\identity\ad-fs\plan\WS2012-guide\Planning-for-AD-FS-Server-Capacity.md"
"planning-your-deployment.md","27","C:\Users\coreyp\WindowsServerDocs-pr\WindowsServerDocs\identity\ad-fs\plan\WS2012-guide\Planning-Your-Deployment.md"
"federation-server-farm-using-sql-server.md","42","C:\Users\coreyp\WindowsServerDocs-pr\WindowsServerDocs\identity\ad-fs\plan\WS2012R2-guide\topology\Federation-Server-Farm-Using-SQL-Server_1.md"
"federation-server-farm-using-wid-proxies.md","43","C:\Users\coreyp\WindowsServerDocs-pr\WindowsServerDocs\identity\ad-fs\plan\WS2012R2-guide\topology\Federation-Server-Farm-Using-WID-and-Proxies_1.md"
"federation-server-farm-using-wid.md","35","C:\Users\coreyp\WindowsServerDocs-pr\WindowsServerDocs\identity\ad-fs\plan\WS2012R2-guide\topology\Federation-Server-Farm-Using-WID_1.md"
"ad-fs-requirements.md","21","C:\Users\coreyp\WindowsServerDocs-pr\WindowsServerDocs\identity\ad-fs\plan\WS2012R2-guide\AD-FS-Requirements.md"
"identify-your-ad-fs-deployment-goals.md","39","C:\Users\coreyp\WindowsServerDocs-pr\WindowsServerDocs\identity\ad-fs\plan\WS2012R2-guide\Identify-Your-AD-FS-Deployment-Goals.md"
"plan-your-ad-fs-deployment-topology.md","38","C:\Users\coreyp\WindowsServerDocs-pr\WindowsServerDocs\identity\ad-fs\plan\WS2012R2-guide\Plan-Your-AD-FS-Deployment-Topology.md"
"ad-fs-design-guide-windows-server-2012-r2.md","44","C:\Users\coreyp\WindowsServerDocs-pr\WindowsServerDocs\identity\ad-fs\plan\AD-FS-Design-Guide-in-Windows-Server-2012-R2.md"
"ad-fs-design-guide-windows-server-2012.md","41","C:\Users\coreyp\WindowsServerDocs-pr\WindowsServerDocs\identity\ad-fs\plan\AD-FS-Design-Guide-in-Windows-Server-2012.md"
"secure-planning-deployment-ad-fs-web-application-proxy.md","57","C:\Users\coreyp\WindowsServerDocs-pr\WindowsServerDocs\identity\ad-fs\plan\Secure-planning-and-deployment-of-AD-FS-and-Web-Application-Proxy.md"
"ad-fs-2016-operations.md","24","C:\Users\coreyp\WindowsServerDocs-pr\WindowsServerDocs\identity\ad-fs\AD-FS-2016-Operations.md"
"ad-fs-azure-multifactor-authentication.md","41","C:\Users\coreyp\WindowsServerDocs-pr\WindowsServerDocs\identity\ad-fs\AD-FS-and-Azure-Multi-Factor-Authentication.md"
"ad-fs-microsoft-passport-work-windows-10-onpremises.md","54","C:\Users\coreyp\WindowsServerDocs-pr\WindowsServerDocs\identity\ad-fs\AD-FS-and-Microsoft-Passport-for-Work-in-Windows-10-on-premises.md"
"ad-fs-design.md","15","C:\Users\coreyp\WindowsServerDocs-pr\WindowsServerDocs\identity\ad-fs\AD-FS-Design.md"
"ad-fs-development.md","20","C:\Users\coreyp\WindowsServerDocs-pr\WindowsServerDocs\identity\ad-fs\AD-FS-Development.md"
"ad-fs-scenarios-architects-administrators.md","44","C:\Users\coreyp\WindowsServerDocs-pr\WindowsServerDocs\identity\ad-fs\AD-FS-Scenarios-for-Architects-and-Administrators.md"
"ad-fs-technical-reference.md","28","C:\Users\coreyp\WindowsServerDocs-pr\WindowsServerDocs\identity\ad-fs\AD-FS-Technical-Reference.md"
"configure-ad-fs-as-certificate-issuing-authority.md","51","C:\Users\coreyp\WindowsServerDocs-pr\WindowsServerDocs\identity\ad-fs\Configure-AD-FS-as-a-certificate-issuing-authority.md"
"configure-ad-fs-use-microsoft-passport-onpremises.md","52","C:\Users\coreyp\WindowsServerDocs-pr\WindowsServerDocs\identity\ad-fs\Configure-AD-FS-to-use-Microsoft-Passport-On-premises.md"
"getting-started-with-ad-fs.md","29","C:\Users\coreyp\WindowsServerDocs-pr\WindowsServerDocs\identity\ad-fs\Getting-Started-with-AD-FS.md"
"windows-10-sign--enabling-device-authentication-with-ad-fs.md","61","C:\Users\coreyp\WindowsServerDocs-pr\WindowsServerDocs\identity\ad-fs\Windows-10-Sign-on-?-enabling-device-authentication-with-AD-FS.md"
"privileged-access-management-active-directory-domain-services-ad-ds.md","70","C:\Users\coreyp\WindowsServerDocs-pr\WindowsServerDocs\identity\privileged-access-management\Privileged-Access-Management-for-Active-Directory-Domain-Services--AD-DS-.md"
"publishing-applications-using-ad-fs-preauthentication.md","56","C:\Users\coreyp\WindowsServerDocs-pr\WindowsServerDocs\identity\web-application-proxy\Publishing-Applications-using-AD-FS-Preauthentication.md"
"publishing-applications-with-sharepoint-exchange-rdg.md","55","C:\Users\coreyp\WindowsServerDocs-pr\WindowsServerDocs\identity\web-application-proxy\Publishing-Applications-with-SharePoint,-Exchange-and-RDG.md"
"web-application-proxy-windows-server-technical-preview.md","57","C:\Users\coreyp\WindowsServerDocs-pr\WindowsServerDocs\identity\web-application-proxy\Web-Application-Proxy-in-Windows-Server-Technical-Preview.md"
"active-directory-federation-services.md","39","C:\Users\coreyp\WindowsServerDocs-pr\WindowsServerDocs\identity\Active-Directory-Federation-Services.md"
"additional-resources.md","23","C:\Users\coreyp\WindowsServerDocs-pr\WindowsServerDocs\identity\Additional-Resources_12.md"
"whats-new-active-directory-domain-services-technical-preview.md","63","C:\Users\coreyp\WindowsServerDocs-pr\WindowsServerDocs\identity\What-s-new-in-Active-Directory-Domain-Services-Technical-Preview.md"
